{
  "overall": {
    "conversion_rate": 0.14320122618786948,
    "acquired": 1308,
    "cpa": 96.37614678899082,
    "clv_realized": 10274171.740613999,
    "roi": 80.50223497234649
  }
}